gene1,gene2,weight,zscore,pvalue,qvalue,lfdr,prob
ABBFA_000005,ABBFA_000434,0.10741365406677965,0.10741365406677965,0.0,0.0,0.0,1.0
ABBFA_000005,rpmC,0.10802505827269766,0.10802505827269766,0.0,0.0,0.0,1.0
ABBFA_000008,ABBFA_000353,0.12586698254418124,0.12586698254418124,0.0,0.0,0.0,1.0
ABBFA_000009,ABBFA_000164,0.1242632924371558,0.1242632924371558,0.0,0.0,0.0,1.0
ABBFA_000009,ABBFA_000178,-0.11952448118446314,-0.11952448118446314,0.0,0.0,0.0,1.0
ABBFA_000009,ABBFA_000395,0.1634573782124657,0.1634573782124657,0.0,0.0,0.0,1.0
ABBFA_000009,ABBFA_000463,0.1699262581686635,0.1699262581686635,0.0,0.0,0.0,1.0
ABBFA_000010,ABBFA_000098,0.10345740913353994,0.10345740913353994,0.0,0.0,0.0,1.0
ABBFA_000010,ABBFA_000261,0.10537273395092304,0.10537273395092304,0.0,0.0,0.0,1.0
ABBFA_000010,ABBFA_000464,0.11327495096548619,0.11327495096548619,0.0,0.0,0.0,1.0
ABBFA_000011,ABBFA_000690,-0.10547807533681706,-0.10547807533681706,0.0,0.0,0.0,1.0
ABBFA_000012,ABBFA_000397,0.11451943504786746,0.11451943504786746,0.0,0.0,0.0,1.0
ABBFA_000015,ABBFA_000413,0.11485485791704482,0.11485485791704482,0.0,0.0,0.0,1.0
ABBFA_000015,hutG,-0.1079021889148158,-0.1079021889148158,0.0,0.0,0.0,1.0
ABBFA_000016,ABBFA_000017,0.20394335192930962,0.20394335192930962,0.0,0.0,0.0,1.0
ABBFA_000016,ABBFA_000302,0.1421942771942563,0.1421942771942563,0.0,0.0,0.0,1.0
ABBFA_000016,ABBFA_000307,0.11059486025063316,0.11059486025063316,0.0,0.0,0.0,1.0
ABBFA_000016,ABBFA_000554,0.10865946415442304,0.10865946415442304,0.0,0.0,0.0,1.0
ABBFA_000016,ABBFA_000617,0.10843546232582696,0.10843546232582696,0.0,0.0,0.0,1.0
ABBFA_000016,ABBFA_003532,-0.1481950640237164,-0.1481950640237164,0.0,0.0,0.0,1.0
ABBFA_000017,ABBFA_000259,0.35006189927660425,0.35006189927660425,0.0,0.0,0.0,1.0
ABBFA_000017,ABBFA_000408,0.1557672615368957,0.1557672615368957,0.0,0.0,0.0,1.0
ABBFA_000017,ABBFA_000661,0.1400884515469845,0.1400884515469845,0.0,0.0,0.0,1.0
ABBFA_000017,ABBFA_000752,0.10315157526549468,0.10315157526549468,0.0,0.0,0.0,1.0
ABBFA_000019,ABBFA_000504,0.10110451135179681,0.10110451135179681,0.0,0.0,1.0760208473e-314,1.0
ABBFA_000022,ABBFA_000023,0.10812618189648854,0.10812618189648854,0.0,0.0,0.0,1.0
ABBFA_000022,ABBFA_000245,0.11272673949888078,0.11272673949888078,0.0,0.0,0.0,1.0
ABBFA_000022,ABBFA_000642,0.13082990604070643,0.13082990604070643,0.0,0.0,0.0,1.0
ABBFA_000022,ABBFA_000652,0.11709878252567502,0.11709878252567502,0.0,0.0,0.0,1.0
ABBFA_000023,ABBFA_000284,-0.11109031382460095,-0.11109031382460095,0.0,0.0,0.0,1.0
ABBFA_000023,ABBFA_000301,0.10419051801009156,0.10419051801009156,0.0,0.0,0.0,1.0
ABBFA_000023,ABBFA_000408,0.14483964806193056,0.14483964806193056,0.0,0.0,0.0,1.0
ABBFA_000023,ABBFA_000480,0.10297997488710821,0.10297997488710821,0.0,0.0,0.0,1.0
ABBFA_000023,ABBFA_000673,0.12352457386225248,0.12352457386225248,0.0,0.0,0.0,1.0
ABBFA_000023,ABBFA_000694,0.11154056727920497,0.11154056727920497,0.0,0.0,0.0,1.0
ABBFA_000023,ABBFA_000752,0.14123009178642165,0.14123009178642165,0.0,0.0,0.0,1.0
ABBFA_000031,ABBFA_000090,0.11269427322713421,0.11269427322713421,0.0,0.0,0.0,1.0
ABBFA_000031,ABBFA_000369,0.1287940060858578,0.1287940060858578,0.0,0.0,0.0,1.0
ABBFA_000031,ABBFA_000681,0.1222199258460693,0.1222199258460693,0.0,0.0,0.0,1.0
ABBFA_000033,ABBFA_000034,0.29086841423626697,0.29086841423626697,0.0,0.0,0.0,1.0
ABBFA_000033,ABBFA_000585,0.1774807549651762,0.1774807549651762,0.0,0.0,0.0,1.0
ABBFA_000040,ABBFA_000041,0.28371463325971696,0.28371463325971696,0.0,0.0,0.0,1.0
ABBFA_000040,ABBFA_000362,0.11015514747679889,0.11015514747679889,0.0,0.0,0.0,1.0
ABBFA_000040,ABBFA_000363,0.12320117622085634,0.12320117622085634,0.0,0.0,0.0,1.0
ABBFA_000041,ABBFA_000362,0.1726730427224294,0.1726730427224294,0.0,0.0,0.0,1.0
ABBFA_000041,ABBFA_000363,0.17407403258412876,0.17407403258412876,0.0,0.0,0.0,1.0
ABBFA_000044,ABBFA_000249,0.1102683296751697,0.1102683296751697,0.0,0.0,0.0,1.0
ABBFA_000052,ABBFA_000091,0.12557974885278195,0.12557974885278195,0.0,0.0,0.0,1.0
ABBFA_000052,ABBFA_000656,0.12310144582496854,0.12310144582496854,0.0,0.0,0.0,1.0
ABBFA_000052,ABBFA_000776,0.19522992052932917,0.19522992052932917,0.0,0.0,0.0,1.0
ABBFA_000057,ABBFA_000195,0.10535457917320176,0.10535457917320176,0.0,0.0,0.0,1.0
ABBFA_000057,ABBFA_000590,0.13355399334034979,0.13355399334034979,0.0,0.0,0.0,1.0
ABBFA_000057,ABBFA_000667,0.10524582827594711,0.10524582827594711,0.0,0.0,0.0,1.0
ABBFA_000064,ABBFA_000343,0.13156787487999155,0.13156787487999155,0.0,0.0,0.0,1.0
ABBFA_000067,ABBFA_000070,0.33717622320834234,0.33717622320834234,0.0,0.0,0.0,1.0
ABBFA_000067,ABBFA_000143,0.10873426142037983,0.10873426142037983,0.0,0.0,0.0,1.0
ABBFA_000067,ABBFA_000352,0.12582160775291537,0.12582160775291537,0.0,0.0,0.0,1.0
ABBFA_000067,fahA,0.2587042743401926,0.2587042743401926,0.0,0.0,0.0,1.0
ABBFA_000067,maiA,0.34121282221633453,0.34121282221633453,0.0,0.0,0.0,1.0
ABBFA_000070,ABBFA_000187,0.12695482991090398,0.12695482991090398,0.0,0.0,0.0,1.0
ABBFA_000070,ABBFA_000263,0.11278622426338827,0.11278622426338827,0.0,0.0,0.0,1.0
ABBFA_000070,ABBFA_000388,0.22413547388476956,0.22413547388476956,0.0,0.0,0.0,1.0
ABBFA_000070,hppD,0.17186265216366628,0.17186265216366628,0.0,0.0,0.0,1.0
ABBFA_000071,ABBFA_000072,0.13485113442611094,0.13485113442611094,0.0,0.0,0.0,1.0
ABBFA_000071,ABBFA_000569,0.14674579266273718,0.14674579266273718,0.0,0.0,0.0,1.0
ABBFA_000071,ABBFA_000570,0.1996533338927825,0.1996533338927825,0.0,0.0,0.0,1.0
ABBFA_000071,ABBFA_000577,0.10267890038282637,0.10267890038282637,0.0,0.0,0.0,1.0
ABBFA_000072,ABBFA_000107,0.15181022705424546,0.15181022705424546,0.0,0.0,0.0,1.0
ABBFA_000072,ABBFA_000268,0.13513367651859834,0.13513367651859834,0.0,0.0,0.0,1.0
ABBFA_000072,ABBFA_000570,0.28731426699722507,0.28731426699722507,0.0,0.0,0.0,1.0
ABBFA_000073,ABBFA_000289,0.10559593548060332,0.10559593548060332,0.0,0.0,0.0,1.0
ABBFA_000073,ABBFA_000667,0.1250197625390853,0.1250197625390853,0.0,0.0,0.0,1.0
ABBFA_000075,hutC,0.15755882584445655,0.15755882584445655,0.0,0.0,0.0,1.0
ABBFA_000078,ABBFA_000463,0.10256162511623278,0.10256162511623278,0.0,0.0,0.0,1.0
ABBFA_000078,ABBFA_000464,0.10725145505833665,0.10725145505833665,0.0,0.0,0.0,1.0
ABBFA_000078,hutG,0.13603080535472792,0.13603080535472792,0.0,0.0,0.0,1.0
ABBFA_000078,hutH,0.3877516018728558,0.3877516018728558,0.0,0.0,0.0,1.0
ABBFA_000078,hutI,0.16808439180772497,0.16808439180772497,0.0,0.0,0.0,1.0
ABBFA_000078,hutU,0.1276197836481892,0.1276197836481892,0.0,0.0,0.0,1.0
ABBFA_000084,ABBFA_000108,0.10029682686782734,0.10029682686782734,0.0,0.0,9.1818184450272e-310,1.0
ABBFA_000084,ABBFA_000394,0.10274091107820597,0.10274091107820597,0.0,0.0,0.0,1.0
ABBFA_000084,ABBFA_000502,0.11922865867474322,0.11922865867474322,0.0,0.0,0.0,1.0
ABBFA_000090,ABBFA_000174,0.10614060825088616,0.10614060825088616,0.0,0.0,0.0,1.0
ABBFA_000090,ABBFA_000356,0.11978439205962516,0.11978439205962516,0.0,0.0,0.0,1.0
ABBFA_000090,ABBFA_000369,0.11108770936128697,0.11108770936128697,0.0,0.0,0.0,1.0
ABBFA_000091,ABBFA_000613,0.22206296025410896,0.22206296025410896,0.0,0.0,0.0,1.0
ABBFA_000091,ABBFA_000720,0.11568047682749663,0.11568047682749663,0.0,0.0,0.0,1.0
ABBFA_000098,ABBFA_000463,0.10791747868346897,0.10791747868346897,0.0,0.0,0.0,1.0
ABBFA_000098,ABBFA_000690,0.10436040105010075,0.10436040105010075,0.0,0.0,0.0,1.0
ABBFA_000098,ABBFA_000696,0.14546450537363376,0.14546450537363376,0.0,0.0,0.0,1.0
ABBFA_000098,parE,0.13558488747050879,0.13558488747050879,0.0,0.0,0.0,1.0
ABBFA_000107,ABBFA_000263,0.10705630956807494,0.10705630956807494,0.0,0.0,0.0,1.0
ABBFA_000107,ABBFA_000413,0.11040961544141006,0.11040961544141006,0.0,0.0,0.0,1.0
ABBFA_000107,ABBFA_000459,0.13969870238295856,0.13969870238295856,0.0,0.0,0.0,1.0
ABBFA_000108,ABBFA_000254,0.10342695241379367,0.10342695241379367,0.0,0.0,0.0,1.0
ABBFA_000108,ABBFA_000262,0.13397108784573647,0.13397108784573647,0.0,0.0,0.0,1.0
ABBFA_000108,ABBFA_000268,0.12246088629270677,0.12246088629270677,0.0,0.0,0.0,1.0
ABBFA_000108,ABBFA_000310,0.10490061694976846,0.10490061694976846,0.0,0.0,0.0,1.0
ABBFA_000112,ABBFA_000164,0.10080633698352419,0.10080633698352419,0.0,0.0,7.19073007424e-313,1.0
ABBFA_000113,ABBFA_000164,0.10170197941589677,0.10170197941589677,0.0,0.0,2.634402e-318,1.0
ABBFA_000113,bfr,-0.10983053561126865,-0.10983053561126865,0.0,0.0,0.0,1.0
ABBFA_000121,ABBFA_000254,0.14365605827792016,0.14365605827792016,0.0,0.0,0.0,1.0
ABBFA_000121,ABBFA_000649,0.11777102568896147,0.11777102568896147,0.0,0.0,0.0,1.0
ABBFA_000121,ABBFA_003544,0.10263414440458626,0.10263414440458626,0.0,0.0,0.0,1.0
ABBFA_000121,gabT,0.10674277201017658,0.10674277201017658,0.0,0.0,0.0,1.0
ABBFA_000122,ABBFA_000164,-0.10598291670980083,-0.10598291670980083,0.0,0.0,0.0,1.0
ABBFA_000123,ABBFA_000395,0.30362180317934917,0.30362180317934917,0.0,0.0,0.0,1.0
ABBFA_000123,ABBFA_000756,0.10624354601840857,0.10624354601840857,0.0,0.0,0.0,1.0
ABBFA_000123,parE,0.14793453068641776,0.14793453068641776,0.0,0.0,0.0,1.0
ABBFA_000125,ABBFA_000544,0.10461719838408831,0.10461719838408831,0.0,0.0,0.0,1.0
ABBFA_000127,ABBFA_000129,0.26030580842583556,0.26030580842583556,0.0,0.0,0.0,1.0
ABBFA_000127,ABBFA_000131,0.12640467108426975,0.12640467108426975,0.0,0.0,0.0,1.0
ABBFA_000127,allC,0.12544517309726888,0.12544517309726888,0.0,0.0,0.0,1.0
ABBFA_000127,uraH,0.2647282658042676,0.2647282658042676,0.0,0.0,0.0,1.0
ABBFA_000128,ABBFA_000623,0.12340042617763776,0.12340042617763776,0.0,0.0,0.0,1.0
ABBFA_000129,ABBFA_000131,0.112906312117874,0.112906312117874,0.0,0.0,0.0,1.0
ABBFA_000129,ABBFA_000132,0.14642048746023048,0.14642048746023048,0.0,0.0,0.0,1.0
ABBFA_000129,uraH,0.27343868592900467,0.27343868592900467,0.0,0.0,0.0,1.0
ABBFA_000131,ABBFA_000574,0.10750348924860646,0.10750348924860646,0.0,0.0,0.0,1.0
ABBFA_000131,ABBFA_000720,0.13827637523727052,0.13827637523727052,0.0,0.0,0.0,1.0
ABBFA_000132,allC,0.12062243624583352,0.12062243624583352,0.0,0.0,0.0,1.0
ABBFA_000138,ABBFA_000288,0.1318524657869141,0.1318524657869141,0.0,0.0,0.0,1.0
ABBFA_000138,ABBFA_000369,0.11749323376609232,0.11749323376609232,0.0,0.0,0.0,1.0
ABBFA_000139,ABBFA_000173,0.10779884057259598,0.10779884057259598,0.0,0.0,0.0,1.0
ABBFA_000139,ABBFA_000413,0.10112441245308565,0.10112441245308565,0.0,0.0,8.12494539e-315,1.0
ABBFA_000142,ABBFA_000336,0.24902728395402626,0.24902728395402626,0.0,0.0,0.0,1.0
ABBFA_000142,ABBFA_000667,0.2628650413324356,0.2628650413324356,0.0,0.0,0.0,1.0
ABBFA_000143,ABBFA_000357,0.1021684570367944,0.1021684570367944,0.0,0.0,0.0,1.0
ABBFA_000143,ABBFA_000413,0.11194345623133867,0.11194345623133867,0.0,0.0,0.0,1.0
ABBFA_000143,ABBFA_000656,0.11507453144756995,0.11507453144756995,0.0,0.0,0.0,1.0
ABBFA_000153,ABBFA_000201,0.10187189639417688,0.10187189639417688,0.0,0.0,0.0,1.0
ABBFA_000157,ABBFA_000274,0.13192920946679773,0.13192920946679773,0.0,0.0,0.0,1.0
ABBFA_000157,ABBFA_000365,0.1440198855595212,0.1440198855595212,0.0,0.0,0.0,1.0
ABBFA_000157,ABBFA_000713,0.10153323597849302,0.10153323597849302,0.0,0.0,2.4968556e-317,1.0
ABBFA_000157,hutU,0.10347056875654308,0.10347056875654308,0.0,0.0,0.0,1.0
ABBFA_000158,ABBFA_000336,0.2409284622154011,0.2409284622154011,0.0,0.0,0.0,1.0
ABBFA_000158,ABBFA_000412,0.10147193963929992,0.10147193963929992,0.0,0.0,5.9566866e-317,1.0
ABBFA_000158,ABBFA_000667,0.34584275720781954,0.34584275720781954,0.0,0.0,0.0,1.0
ABBFA_000159,ABBFA_000755,0.11630887177910158,0.11630887177910158,0.0,0.0,0.0,1.0
ABBFA_000160,ABBFA_000486,0.1018051425803242,0.1018051425803242,0.0,0.0,6.69385e-319,1.0
ABBFA_000160,ABBFA_000532,0.11852819766375162,0.11852819766375162,0.0,0.0,0.0,1.0
ABBFA_000160,ABBFA_000710,0.19916829443857553,0.19916829443857553,0.0,0.0,0.0,1.0
ABBFA_000164,ABBFA_000367,0.23355736939171914,0.23355736939171914,0.0,0.0,0.0,1.0
ABBFA_000164,ABBFA_000494,0.1280531123173045,0.1280531123173045,0.0,0.0,0.0,1.0
ABBFA_000164,ABBFA_000618,0.22821906061076824,0.22821906061076824,0.0,0.0,0.0,1.0
ABBFA_000164,ABBFA_000636,0.1532022925670359,0.1532022925670359,0.0,0.0,0.0,1.0
ABBFA_000166,ABBFA_000167,0.10889453965034775,0.10889453965034775,0.0,0.0,0.0,1.0
ABBFA_000173,uraH,0.1002922262825323,0.1002922262825323,0.0,0.0,9.7927575596902e-310,1.0
ABBFA_000175,ABBFA_000176,0.6195051670881719,0.6195051670881719,0.0,0.0,0.0,1.0
ABBFA_000175,ABBFA_000310,0.18443553386805725,0.18443553386805725,0.0,0.0,0.0,1.0
ABBFA_000175,ABBFA_000388,0.13004260850825236,0.13004260850825236,0.0,0.0,0.0,1.0
ABBFA_000176,ABBFA_000310,0.27428491983945985,0.27428491983945985,0.0,0.0,0.0,1.0
ABBFA_000178,ABBFA_000362,0.16212693839618722,0.16212693839618722,0.0,0.0,0.0,1.0
ABBFA_000178,ABBFA_000375,-0.14700781321253603,-0.14700781321253603,0.0,0.0,0.0,1.0
ABBFA_000178,ABBFA_000474,0.13774748720720342,0.13774748720720342,0.0,0.0,0.0,1.0
ABBFA_000178,ABBFA_003540,0.12801412207454757,0.12801412207454757,0.0,0.0,0.0,1.0
ABBFA_000178,acsA,0.1555166108721189,0.1555166108721189,0.0,0.0,0.0,1.0
ABBFA_000180,ABBFA_000181,0.6186322294988811,0.6186322294988811,0.0,0.0,0.0,1.0
ABBFA_000180,ABBFA_000284,0.12407198546233832,0.12407198546233832,0.0,0.0,0.0,1.0
ABBFA_000180,acsA,0.18848219491902007,0.18848219491902007,0.0,0.0,0.0,1.0
ABBFA_000181,acsA,0.2293529407563524,0.2293529407563524,0.0,0.0,0.0,1.0
ABBFA_000182,ABBFA_000618,0.10781836329880501,0.10781836329880501,0.0,0.0,0.0,1.0
ABBFA_000183,ABBFA_000266,0.18861978200319635,0.18861978200319635,0.0,0.0,0.0,1.0
ABBFA_000184,ABBFA_000338,0.19159417758423258,0.19159417758423258,0.0,0.0,0.0,1.0
ABBFA_000184,ABBFA_000615,0.14079805617605565,0.14079805617605565,0.0,0.0,0.0,1.0
ABBFA_000184,ABBFA_000616,0.15621986235415333,0.15621986235415333,0.0,0.0,0.0,1.0
ABBFA_000187,ABBFA_000188,0.5772590379046156,0.5772590379046156,0.0,0.0,0.0,1.0
ABBFA_000187,ABBFA_000252,0.14489653359389043,0.14489653359389043,0.0,0.0,0.0,1.0
ABBFA_000187,ABBFA_000255,0.1295056836098292,0.1295056836098292,0.0,0.0,0.0,1.0
ABBFA_000187,ABBFA_000397,0.10322838253112492,0.10322838253112492,0.0,0.0,0.0,1.0
ABBFA_000187,ABBFA_000509,0.11794494833221747,0.11794494833221747,0.0,0.0,0.0,1.0
ABBFA_000187,ABBFA_000617,-0.12808332759589483,-0.12808332759589483,0.0,0.0,0.0,1.0
ABBFA_000188,ABBFA_000189,0.11006572842906465,0.11006572842906465,0.0,0.0,0.0,1.0
ABBFA_000189,ABBFA_000289,0.10211365151990813,0.10211365151990813,0.0,0.0,0.0,1.0
ABBFA_000194,ABBFA_000320,0.14086800013184556,0.14086800013184556,0.0,0.0,0.0,1.0
ABBFA_000194,ABBFA_000369,0.15465830833381103,0.15465830833381103,0.0,0.0,0.0,1.0
ABBFA_000194,ABBFA_000594,0.11405283670913574,0.11405283670913574,0.0,0.0,0.0,1.0
ABBFA_000194,ABBFA_000672,0.12656950112380547,0.12656950112380547,0.0,0.0,0.0,1.0
ABBFA_000194,ABBFA_000716,0.21619201926233386,0.21619201926233386,0.0,0.0,0.0,1.0
ABBFA_000194,ilvA,0.1047144244558601,0.1047144244558601,0.0,0.0,0.0,1.0
ABBFA_000194,xth,0.10284329673834035,0.10284329673834035,0.0,0.0,0.0,1.0
ABBFA_000195,ABBFA_000196,0.5860756561114512,0.5860756561114512,0.0,0.0,0.0,1.0
ABBFA_000195,ABBFA_000695,-0.10384228290296439,-0.10384228290296439,0.0,0.0,1.09912672737105e-310,1.0
ABBFA_000196,ABBFA_000197,0.1448663051629367,0.1448663051629367,0.0,0.0,0.0,1.0
ABBFA_000196,ABBFA_000255,0.13996782771961058,0.13996782771961058,0.0,0.0,0.0,1.0
ABBFA_000198,gabT,0.7222633757302558,0.7222633757302558,0.0,0.0,0.0,1.0
ABBFA_000201,ABBFA_000261,0.10344395362712641,0.10344395362712641,0.0,0.0,0.0,1.0
ABBFA_000201,ABBFA_000367,0.10351084436869262,0.10351084436869262,0.0,0.0,0.0,1.0
ABBFA_000201,gabT,0.14931357514916524,0.14931357514916524,0.0,0.0,0.0,1.0
ABBFA_000203,ABBFA_000639,0.20740296121883825,0.20740296121883825,0.0,0.0,0.0,1.0
ABBFA_000203,ABBFA_000698,0.10135213372053269,0.10135213372053269,0.0,0.0,3.2542516e-316,1.0
ABBFA_000205,ABBFA_000206,0.11617139023678057,0.11617139023678057,0.0,0.0,0.0,1.0
ABBFA_000205,accD,0.10352372388478724,0.10352372388478724,0.0,0.0,0.0,1.0
ABBFA_000242,ABBFA_000281,0.16994244434932887,0.16994244434932887,0.0,0.0,0.0,1.0
ABBFA_000242,ABBFA_000471,0.26836408867653233,0.26836408867653233,0.0,0.0,0.0,1.0
ABBFA_000243,ABBFA_000519,-0.10303089409860394,-0.10303089409860394,0.0,0.0,9.182087792947817e-306,1.0
ABBFA_000249,ABBFA_000597,0.10305502896921033,0.10305502896921033,0.0,0.0,0.0,1.0
ABBFA_000252,ABBFA_000608,0.17136598239843318,0.17136598239843318,0.0,0.0,0.0,1.0
ABBFA_000255,ABBFA_000362,0.1416535299039422,0.1416535299039422,0.0,0.0,0.0,1.0
ABBFA_000255,ABBFA_000426,0.13785635081605147,0.13785635081605147,0.0,0.0,0.0,1.0
ABBFA_000255,ABBFA_000505,0.12634843133685036,0.12634843133685036,0.0,0.0,0.0,1.0
ABBFA_000256,ABBFA_000696,0.10435319915415707,0.10435319915415707,0.0,0.0,0.0,1.0
ABBFA_000259,ABBFA_000302,0.12808108097055032,0.12808108097055032,0.0,0.0,0.0,1.0
ABBFA_000259,ABBFA_000470,0.10329779760545983,0.10329779760545983,0.0,0.0,0.0,1.0
ABBFA_000259,ABBFA_000532,0.10185847953156285,0.10185847953156285,0.0,0.0,0.0,1.0
ABBFA_000261,ABBFA_000288,0.17338478799965934,0.17338478799965934,0.0,0.0,0.0,1.0
ABBFA_000261,ABBFA_000337,0.14642364658379498,0.14642364658379498,0.0,0.0,0.0,1.0
ABBFA_000261,ABBFA_000476,0.11250372100730366,0.11250372100730366,0.0,0.0,0.0,1.0
ABBFA_000261,ABBFA_000598,0.14451971696536345,0.14451971696536345,0.0,0.0,0.0,1.0
ABBFA_000262,ABBFA_000554,0.1033177148113801,0.1033177148113801,0.0,0.0,0.0,1.0
ABBFA_000262,ABBFA_000660,0.11106065059362052,0.11106065059362052,0.0,0.0,0.0,1.0
ABBFA_000262,ABBFA_000672,0.10210142965070317,0.10210142965070317,0.0,0.0,0.0,1.0
ABBFA_000263,ABBFA_000744,0.10241104288811882,0.10241104288811882,0.0,0.0,0.0,1.0
ABBFA_000264,bfr,0.10336791231507861,0.10336791231507861,0.0,0.0,0.0,1.0
ABBFA_000266,ABBFA_000474,0.107703135366009,0.107703135366009,0.0,0.0,0.0,1.0
ABBFA_000266,ABBFA_000614,0.1361480741267632,0.1361480741267632,0.0,0.0,0.0,1.0
ABBFA_000266,ABBFA_000694,0.10039547126310527,0.10039547126310527,0.0,0.0,2.3055017869573e-310,1.0
ABBFA_000267,ABBFA_000353,0.12850411056199246,0.12850411056199246,0.0,0.0,0.0,1.0
ABBFA_000273,ABBFA_000554,0.11218446729065217,0.11218446729065217,0.0,0.0,0.0,1.0
ABBFA_000280,ABBFA_000288,-0.1094949863516455,-0.1094949863516455,0.0,0.0,0.0,1.0
ABBFA_000280,ABBFA_000297,0.10837785610108079,0.10837785610108079,0.0,0.0,0.0,1.0
ABBFA_000281,ABBFA_000307,0.14913038743929424,0.14913038743929424,0.0,0.0,0.0,1.0
ABBFA_000281,ABBFA_000462,0.10121700470005685,0.10121700470005685,0.0,0.0,2.197683434e-315,1.0
ABBFA_000281,ABBFA_000471,0.3100503338849958,0.3100503338849958,0.0,0.0,0.0,1.0
ABBFA_000284,ABBFA_000671,0.1144587618322618,0.1144587618322618,0.0,0.0,0.0,1.0
ABBFA_000284,gltA,0.11581135475804492,0.11581135475804492,0.0,0.0,0.0,1.0
ABBFA_000288,ABBFA_000661,0.13273927168537614,0.13273927168537614,0.0,0.0,0.0,1.0
ABBFA_000289,ABBFA_000383,0.12196047873105324,0.12196047873105324,0.0,0.0,0.0,1.0
ABBFA_000289,ABBFA_000388,-0.1172828370671539,-0.1172828370671539,0.0,0.0,0.0,1.0
ABBFA_000289,ABBFA_000460,0.11120346086532713,0.11120346086532713,0.0,0.0,0.0,1.0
ABBFA_000289,ABBFA_000594,0.10291668711513492,0.10291668711513492,0.0,0.0,0.0,1.0
ABBFA_000289,phoB,0.10492792974799665,0.10492792974799665,0.0,0.0,0.0,1.0
ABBFA_000289,thrH,0.1074149328331755,0.1074149328331755,0.0,0.0,0.0,1.0
ABBFA_000290,ABBFA_000310,0.10579682511325551,0.10579682511325551,0.0,0.0,0.0,1.0
ABBFA_000290,ABBFA_000598,0.20383771310953652,0.20383771310953652,0.0,0.0,0.0,1.0
ABBFA_000295,ABBFA_000527,0.11548399379667122,0.11548399379667122,0.0,0.0,0.0,1.0
ABBFA_000296,ABBFA_000297,0.49269391305956495,0.49269391305956495,0.0,0.0,0.0,1.0
ABBFA_000296,ABBFA_000298,0.16980630786519404,0.16980630786519404,0.0,0.0,0.0,1.0
ABBFA_000297,ABBFA_000298,0.33501586151928053,0.33501586151928053,0.0,0.0,0.0,1.0
ABBFA_000301,ABBFA_000775,0.16876564511408507,0.16876564511408507,0.0,0.0,0.0,1.0
ABBFA_000302,ABBFA_000307,0.11915537758945642,0.11915537758945642,0.0,0.0,0.0,1.0
ABBFA_000302,ABBFA_000398,0.12769333324883084,0.12769333324883084,0.0,0.0,0.0,1.0
ABBFA_000302,ABBFA_000408,-0.1132129087303837,-0.1132129087303837,0.0,0.0,0.0,1.0
ABBFA_000302,ABBFA_000470,0.1501844783701532,0.1501844783701532,0.0,0.0,0.0,1.0
ABBFA_000302,ABBFA_000660,0.18470027973786257,0.18470027973786257,0.0,0.0,0.0,1.0
ABBFA_000302,ABBFA_000690,0.200165725140555,0.200165725140555,0.0,0.0,0.0,1.0
ABBFA_000307,ABBFA_000461,0.10323837436781444,0.10323837436781444,0.0,0.0,0.0,1.0
ABBFA_000307,ABBFA_000471,0.11061943293842753,0.11061943293842753,0.0,0.0,0.0,1.0
ABBFA_000310,ABBFA_000598,0.11517551044447427,0.11517551044447427,0.0,0.0,0.0,1.0
ABBFA_000319,ABBFA_000647,0.17870803766250706,0.17870803766250706,0.0,0.0,0.0,1.0
ABBFA_000320,ABBFA_000321,0.16402147906995493,0.16402147906995493,0.0,0.0,0.0,1.0
ABBFA_000320,ABBFA_000322,0.12090755031464832,0.12090755031464832,0.0,0.0,0.0,1.0
ABBFA_000320,ABBFA_000323,0.15573554911280627,0.15573554911280627,0.0,0.0,0.0,1.0
ABBFA_000320,ABBFA_000649,0.21422448709194777,0.21422448709194777,0.0,0.0,0.0,1.0
ABBFA_000320,ABBFA_000650,0.10015051856437174,0.10015051856437174,0.0,0.0,7.11239623544022e-309,1.0
ABBFA_000321,ABBFA_000322,0.20949823105211338,0.20949823105211338,0.0,0.0,0.0,1.0
ABBFA_000321,ABBFA_000650,0.10848033397622286,0.10848033397622286,0.0,0.0,0.0,1.0
ABBFA_000322,ABBFA_000323,0.1251644786959649,0.1251644786959649,0.0,0.0,0.0,1.0
ABBFA_000323,ABBFA_000651,0.157860952459545,0.157860952459545,0.0,0.0,0.0,1.0
ABBFA_000323,ABBFA_000652,0.10429779596027786,0.10429779596027786,0.0,0.0,0.0,1.0
ABBFA_000327,ABBFA_000328,0.29410339928151835,0.29410339928151835,0.0,0.0,0.0,1.0
ABBFA_000327,ABBFA_000720,0.16256156490306906,0.16256156490306906,0.0,0.0,0.0,1.0
ABBFA_000329,ABBFA_000613,0.10028457215883214,0.10028457215883214,0.0,0.0,1.09005188347861e-309,1.0
ABBFA_000330,ABBFA_000383,0.20947034233091247,0.20947034233091247,0.0,0.0,0.0,1.0
ABBFA_000330,ABBFA_000579,0.13538756705586685,0.13538756705586685,0.0,0.0,0.0,1.0
ABBFA_000330,ABBFA_000590,0.17125048719503003,0.17125048719503003,0.0,0.0,0.0,1.0
ABBFA_000330,ABBFA_000597,0.11722756994449618,0.11722756994449618,0.0,0.0,0.0,1.0
ABBFA_000330,ABBFA_000775,0.11926042247550916,0.11926042247550916,0.0,0.0,0.0,1.0
ABBFA_000330,ABBFA_000783,0.13059614676764172,0.13059614676764172,0.0,0.0,0.0,1.0
ABBFA_000330,acsA,0.17003621531452434,0.17003621531452434,0.0,0.0,0.0,1.0
ABBFA_000330,hutU,0.1278974861072747,0.1278974861072747,0.0,0.0,0.0,1.0
ABBFA_000336,ABBFA_000667,0.1132177403436646,0.1132177403436646,0.0,0.0,0.0,1.0
ABBFA_000336,ABBFA_000718,0.12746408452336114,0.12746408452336114,0.0,0.0,0.0,1.0
ABBFA_000337,ABBFA_000638,0.10575493905702674,0.10575493905702674,0.0,0.0,0.0,1.0
ABBFA_000337,hutI,0.10187104382428094,0.10187104382428094,0.0,0.0,0.0,1.0
ABBFA_000337,thrH,0.1260058449844428,0.1260058449844428,0.0,0.0,0.0,1.0
ABBFA_000342,ABBFA_000343,0.12219947399578361,0.12219947399578361,0.0,0.0,0.0,1.0
ABBFA_000342,ABBFA_000347,0.12885096828964648,0.12885096828964648,0.0,0.0,0.0,1.0
ABBFA_000343,ABBFA_000344,0.21740162961845957,0.21740162961845957,0.0,0.0,0.0,1.0
ABBFA_000344,ABBFA_000646,0.14968194847122027,0.14968194847122027,0.0,0.0,0.0,1.0
ABBFA_000346,ABBFA_000652,0.11755886965164593,0.11755886965164593,0.0,0.0,0.0,1.0
ABBFA_000347,ABBFA_000387,0.10632153794712274,0.10632153794712274,0.0,0.0,0.0,1.0
ABBFA_000352,ABBFA_000465,0.14345322294135485,0.14345322294135485,0.0,0.0,0.0,1.0
ABBFA_000352,ABBFA_000639,0.13725741818316764,0.13725741818316764,0.0,0.0,0.0,1.0
ABBFA_000353,ABBFA_000646,0.10022128967111937,0.10022128967111937,0.0,0.0,2.64309633800582e-309,1.0
ABBFA_000353,acsA,0.10288323523326559,0.10288323523326559,0.0,0.0,0.0,1.0
ABBFA_000355,ABBFA_000713,0.10571466788129721,0.10571466788129721,0.0,0.0,0.0,1.0
ABBFA_000356,ABBFA_000386,0.18475582322830694,0.18475582322830694,0.0,0.0,0.0,1.0
ABBFA_000356,ABBFA_000639,0.13647421912319174,0.13647421912319174,0.0,0.0,0.0,1.0
ABBFA_000356,ABBFA_000672,0.2401225517857335,0.2401225517857335,0.0,0.0,0.0,1.0
ABBFA_000357,ABBFA_000358,0.11745065008794572,0.11745065008794572,0.0,0.0,0.0,1.0
ABBFA_000362,ABBFA_000363,0.16362316823725087,0.16362316823725087,0.0,0.0,0.0,1.0
ABBFA_000362,ABBFA_000493,0.11258042156666767,0.11258042156666767,0.0,0.0,0.0,1.0
ABBFA_000362,ABBFA_000753,0.11364053423628566,0.11364053423628566,0.0,0.0,0.0,1.0
ABBFA_000362,parE,0.11353693683770645,0.11353693683770645,0.0,0.0,0.0,1.0
ABBFA_000364,ABBFA_000386,0.1163761436102124,0.1163761436102124,0.0,0.0,0.0,1.0
ABBFA_000365,ABBFA_000395,0.1411401715011934,0.1411401715011934,0.0,0.0,0.0,1.0
ABBFA_000365,ABBFA_000461,-0.11403731744969343,-0.11403731744969343,0.0,0.0,0.0,1.0
ABBFA_000365,ABBFA_000623,0.2474017678358302,0.2474017678358302,0.0,0.0,0.0,1.0
ABBFA_000367,ABBFA_000385,0.12890609455823338,0.12890609455823338,0.0,0.0,0.0,1.0
ABBFA_000367,ABBFA_000598,0.1339029159995133,0.1339029159995133,0.0,0.0,0.0,1.0
ABBFA_000367,ABBFA_000698,0.10741786803024522,0.10741786803024522,0.0,0.0,0.0,1.0
ABBFA_000370,ABBFA_000696,0.10572250963605548,0.10572250963605548,0.0,0.0,0.0,1.0
ABBFA_000371,ABBFA_000471,0.11215113223784696,0.11215113223784696,0.0,0.0,0.0,1.0
ABBFA_000371,ABBFA_000577,0.3003235299940308,0.3003235299940308,0.0,0.0,0.0,1.0
ABBFA_000375,ABBFA_000694,0.13051091106210314,0.13051091106210314,0.0,0.0,0.0,1.0
ABBFA_000376,ABBFA_000377,0.1309937466928768,0.1309937466928768,0.0,0.0,0.0,1.0
ABBFA_000376,astB,0.1022266713628002,0.1022266713628002,0.0,0.0,0.0,1.0
ABBFA_000377,astA,0.1745932632245661,0.1745932632245661,0.0,0.0,0.0,1.0
ABBFA_000377,astB,0.10742527074454314,0.10742527074454314,0.0,0.0,0.0,1.0
ABBFA_000377,astD,0.14387120042991122,0.14387120042991122,0.0,0.0,0.0,1.0
ABBFA_000382,ABBFA_000398,0.1338745257237377,0.1338745257237377,0.0,0.0,0.0,1.0
ABBFA_000382,ABBFA_000484,0.12117653612318707,0.12117653612318707,0.0,0.0,0.0,1.0
ABBFA_000382,ABBFA_000623,0.14483371559994096,0.14483371559994096,0.0,0.0,0.0,1.0
ABBFA_000382,ABBFA_000656,0.14302961634416703,0.14302961634416703,0.0,0.0,0.0,1.0
ABBFA_000382,lolA,0.2981172015798895,0.2981172015798895,0.0,0.0,0.0,1.0
ABBFA_000382,phoB,0.2145292551726158,0.2145292551726158,0.0,0.0,0.0,1.0
ABBFA_000383,ABBFA_000384,0.270166187771688,0.270166187771688,0.0,0.0,0.0,1.0
ABBFA_000383,ABBFA_000618,0.11924401411609568,0.11924401411609568,0.0,0.0,0.0,1.0
ABBFA_000385,ABBFA_000386,0.11086690015079062,0.11086690015079062,0.0,0.0,0.0,1.0
ABBFA_000385,ABBFA_000618,0.3224722676208802,0.3224722676208802,0.0,0.0,0.0,1.0
ABBFA_000386,ABBFA_000598,0.1006806921100331,0.1006806921100331,0.0,0.0,4.20907653228e-312,1.0
ABBFA_000386,ABBFA_000639,0.13783760067460954,0.13783760067460954,0.0,0.0,0.0,1.0
ABBFA_000386,bfr,0.13747268242239763,0.13747268242239763,0.0,0.0,0.0,1.0
ABBFA_000388,ABBFA_000389,0.13795792624430445,0.13795792624430445,0.0,0.0,0.0,1.0
ABBFA_000388,ABBFA_000461,0.12323854984225008,0.12323854984225008,0.0,0.0,0.0,1.0
ABBFA_000388,ABBFA_000509,0.11118679669683693,0.11118679669683693,0.0,0.0,0.0,1.0
ABBFA_000389,ABBFA_000398,0.1771583450663455,0.1771583450663455,0.0,0.0,0.0,1.0
ABBFA_000389,ABBFA_000585,0.10460176763551052,0.10460176763551052,0.0,0.0,0.0,1.0
ABBFA_000389,ABBFA_000617,0.11508647992323501,0.11508647992323501,0.0,0.0,0.0,1.0
ABBFA_000395,ABBFA_000396,0.456688740910037,0.456688740910037,0.0,0.0,0.0,1.0
ABBFA_000395,ABBFA_000397,0.1440333801837083,0.1440333801837083,0.0,0.0,0.0,1.0
ABBFA_000395,parE,0.13686134293195087,0.13686134293195087,0.0,0.0,0.0,1.0
ABBFA_000397,ABBFA_000480,0.12505785317086465,0.12505785317086465,0.0,0.0,0.0,1.0
ABBFA_000397,ABBFA_000509,0.1267465807875197,0.1267465807875197,0.0,0.0,0.0,1.0
ABBFA_000397,ABBFA_000617,0.12422690948127275,0.12422690948127275,0.0,0.0,0.0,1.0
ABBFA_000398,ABBFA_000408,0.1153008725195712,0.1153008725195712,0.0,0.0,0.0,1.0
ABBFA_000398,ABBFA_000413,0.13405359573336753,0.13405359573336753,0.0,0.0,0.0,1.0
ABBFA_000398,ABBFA_000658,0.11310012976711456,0.11310012976711456,0.0,0.0,0.0,1.0
ABBFA_000398,ABBFA_000752,0.21208110206395125,0.21208110206395125,0.0,0.0,0.0,1.0
ABBFA_000400,ABBFA_000465,0.2095147093111704,0.2095147093111704,0.0,0.0,0.0,1.0
ABBFA_000400,ABBFA_000576,0.16216675861055527,0.16216675861055527,0.0,0.0,0.0,1.0
ABBFA_000400,ABBFA_000618,0.1463443100055413,0.1463443100055413,0.0,0.0,0.0,1.0
ABBFA_000407,ABBFA_000494,0.10773323022170324,0.10773323022170324,0.0,0.0,0.0,1.0
ABBFA_000408,ABBFA_000710,0.12553920379445302,0.12553920379445302,0.0,0.0,0.0,1.0
ABBFA_000408,ABBFA_000753,0.1842820234021218,0.1842820234021218,0.0,0.0,0.0,1.0
ABBFA_000409,ABBFA_000410,0.18595123225473975,0.18595123225473975,0.0,0.0,0.0,1.0
ABBFA_000410,ABBFA_000411,0.12718296759964023,0.12718296759964023,0.0,0.0,0.0,1.0
ABBFA_000411,ABBFA_000412,0.1537306791703877,0.1537306791703877,0.0,0.0,0.0,1.0
ABBFA_000411,ABBFA_000579,0.14849838995262488,0.14849838995262488,0.0,0.0,0.0,1.0
ABBFA_000412,ABBFA_000413,0.2339562208539182,0.2339562208539182,0.0,0.0,0.0,1.0
ABBFA_000412,ABBFA_000461,0.10513100008073172,0.10513100008073172,0.0,0.0,0.0,1.0
ABBFA_000412,ABBFA_000484,0.14549951324254337,0.14549951324254337,0.0,0.0,0.0,1.0
ABBFA_000412,ABBFA_000578,0.1255429116922835,0.1255429116922835,0.0,0.0,0.0,1.0
ABBFA_000412,ABBFA_000579,0.12676101879735974,0.12676101879735974,0.0,0.0,0.0,1.0
ABBFA_000412,ABBFA_000600,0.1140477581779539,0.1140477581779539,0.0,0.0,0.0,1.0
ABBFA_000412,ABBFA_000713,0.15251313411764048,0.15251313411764048,0.0,0.0,0.0,1.0
ABBFA_000412,hutU,0.24623889662421677,0.24623889662421677,0.0,0.0,0.0,1.0
ABBFA_000413,ABBFA_000573,0.11378827111520941,0.11378827111520941,0.0,0.0,0.0,1.0
ABBFA_000413,ABBFA_000660,0.11009551898328476,0.11009551898328476,0.0,0.0,0.0,1.0
ABBFA_000417,ABBFA_000617,0.10106809007108669,0.10106809007108669,0.0,0.0,1.7989451696e-314,1.0
ABBFA_000425,ABBFA_000427,0.15795943623406608,0.15795943623406608,0.0,0.0,0.0,1.0
ABBFA_000426,ABBFA_000427,0.5999960968983423,0.5999960968983423,0.0,0.0,0.0,1.0
ABBFA_000426,ABBFA_000658,0.12004101815137766,0.12004101815137766,0.0,0.0,0.0,1.0
ABBFA_000432,ABBFA_000433,0.16510555102353713,0.16510555102353713,0.0,0.0,0.0,1.0
ABBFA_000432,ABBFA_000434,0.10785893141986674,0.10785893141986674,0.0,0.0,0.0,1.0
ABBFA_000432,rplB,0.11540290798223114,0.11540290798223114,0.0,0.0,0.0,1.0
ABBFA_000433,rplR,0.15625737182646735,0.15625737182646735,0.0,0.0,0.0,1.0
ABBFA_000433,rpsS,0.21987196853891475,0.21987196853891475,0.0,0.0,0.0,1.0
ABBFA_000434,rpmC,0.20442193714595908,0.20442193714595908,0.0,0.0,0.0,1.0
ABBFA_000441,rplP,0.17124974449964417,0.17124974449964417,0.0,0.0,0.0,1.0
ABBFA_000441,rpsC,0.11674358154153527,0.11674358154153527,0.0,0.0,0.0,1.0
ABBFA_000441,rpsS,0.10013880639217515,0.10013880639217515,0.0,0.0,8.377865291464196e-309,1.0
ABBFA_000444,rpsE,0.11458709391150985,0.11458709391150985,0.0,0.0,0.0,1.0
ABBFA_000445,ABBFA_000446,0.11310024959636014,0.11310024959636014,0.0,0.0,0.0,1.0
ABBFA_000445,rplR,0.10813854674832443,0.10813854674832443,0.0,0.0,0.0,1.0
ABBFA_000445,rplX,0.11973615977999766,0.11973615977999766,0.0,0.0,0.0,1.0
ABBFA_000446,rplX,0.1112942147846174,0.1112942147846174,0.0,0.0,0.0,1.0
ABBFA_000447,rpsE,0.11956971372501456,0.11956971372501456,0.0,0.0,0.0,1.0
ABBFA_000459,ABBFA_000590,0.14968150858916945,0.14968150858916945,0.0,0.0,0.0,1.0
ABBFA_000461,ABBFA_000606,0.10331022381632611,0.10331022381632611,0.0,0.0,0.0,1.0
ABBFA_000461,ABBFA_000622,0.12164099982069743,0.12164099982069743,0.0,0.0,0.0,1.0
ABBFA_000461,ABBFA_000690,-0.1038228260524233,-0.1038228260524233,0.0,0.0,1.44388496388342e-310,1.0
ABBFA_000461,ABBFA_000713,0.10956424897600738,0.10956424897600738,0.0,0.0,0.0,1.0
ABBFA_000463,ABBFA_000464,0.22934838606546099,0.22934838606546099,0.0,0.0,0.0,1.0
ABBFA_000463,ABBFA_000465,0.12484576196825019,0.12484576196825019,0.0,0.0,0.0,1.0
ABBFA_000464,ABBFA_000465,0.1993563291823531,0.1993563291823531,0.0,0.0,0.0,1.0
ABBFA_000466,ABBFA_000467,0.14200947193947586,0.14200947193947586,0.0,0.0,0.0,1.0
ABBFA_000466,ABBFA_000468,0.12447493745647827,0.12447493745647827,0.0,0.0,0.0,1.0
ABBFA_000467,ABBFA_000468,0.16189541885990677,0.16189541885990677,0.0,0.0,0.0,1.0
ABBFA_000468,ABBFA_000494,0.17022378817351674,0.17022378817351674,0.0,0.0,0.0,1.0
ABBFA_000470,ABBFA_000709,0.11291647166898908,0.11291647166898908,0.0,0.0,0.0,1.0
ABBFA_000470,rpmJ,0.1177738915331317,0.1177738915331317,0.0,0.0,0.0,1.0
ABBFA_000471,ABBFA_000660,0.17426611921022048,0.17426611921022048,0.0,0.0,0.0,1.0
ABBFA_000474,ABBFA_000509,-0.11355450874930437,-0.11355450874930437,0.0,0.0,0.0,1.0
ABBFA_000474,ABBFA_000776,0.23124664374860696,0.23124664374860696,0.0,0.0,0.0,1.0
ABBFA_000476,ABBFA_000718,0.1118598244712757,0.1118598244712757,0.0,0.0,0.0,1.0
ABBFA_000484,ABBFA_000577,0.12633485426475344,0.12633485426475344,0.0,0.0,0.0,1.0
ABBFA_000484,lolA,0.21299317132444093,0.21299317132444093,0.0,0.0,0.0,1.0
ABBFA_000486,ABBFA_000545,0.14541473598987417,0.14541473598987417,0.0,0.0,0.0,1.0
ABBFA_000492,gltA,0.11984706731828103,0.11984706731828103,0.0,0.0,0.0,1.0
ABBFA_000493,ABBFA_000639,0.1952312610778949,0.1952312610778949,0.0,0.0,0.0,1.0
ABBFA_000493,ABBFA_000656,0.17057521407004855,0.17057521407004855,0.0,0.0,0.0,1.0
ABBFA_000493,ABBFA_000658,0.11059007372763709,0.11059007372763709,0.0,0.0,0.0,1.0
ABBFA_000493,ABBFA_000782,0.12460597430395402,0.12460597430395402,0.0,0.0,0.0,1.0
ABBFA_000493,ABBFA_000783,0.11056003293315436,0.11056003293315436,0.0,0.0,0.0,1.0
ABBFA_000494,ABBFA_000750,0.15225793146278158,0.15225793146278158,0.0,0.0,0.0,1.0
ABBFA_000494,bfr,0.11230587996979517,0.11230587996979517,0.0,0.0,0.0,1.0
ABBFA_000502,ABBFA_000503,0.14683782477988422,0.14683782477988422,0.0,0.0,0.0,1.0
ABBFA_000502,ABBFA_000504,0.11519863459011342,0.11519863459011342,0.0,0.0,0.0,1.0
ABBFA_000502,ABBFA_000618,0.11337993296862252,0.11337993296862252,0.0,0.0,0.0,1.0
ABBFA_000506,ABBFA_000507,0.22130697845213365,0.22130697845213365,0.0,0.0,0.0,1.0
ABBFA_000506,ABBFA_000508,0.12274709628368241,0.12274709628368241,0.0,0.0,0.0,1.0
ABBFA_000506,ABBFA_000509,0.1324270355117632,0.1324270355117632,0.0,0.0,0.0,1.0
ABBFA_000506,ABBFA_000510,0.11710261547954681,0.11710261547954681,0.0,0.0,0.0,1.0
ABBFA_000507,ABBFA_000508,0.1427922859519257,0.1427922859519257,0.0,0.0,0.0,1.0
ABBFA_000507,ABBFA_000509,0.1526657282214624,0.1526657282214624,0.0,0.0,0.0,1.0
ABBFA_000507,ABBFA_000510,0.11427093064776594,0.11427093064776594,0.0,0.0,0.0,1.0
ABBFA_000508,ABBFA_000509,0.14697287074957685,0.14697287074957685,0.0,0.0,0.0,1.0
ABBFA_000508,ABBFA_000510,0.10742141129468875,0.10742141129468875,0.0,0.0,0.0,1.0
ABBFA_000509,ABBFA_000510,0.11716235542020395,0.11716235542020395,0.0,0.0,0.0,1.0
ABBFA_000510,ABBFA_000511,0.1291901551690254,0.1291901551690254,0.0,0.0,0.0,1.0
ABBFA_000515,rpmA,0.19527624768347038,0.19527624768347038,0.0,0.0,0.0,1.0
ABBFA_000519,thrH,0.12849920329428535,0.12849920329428535,0.0,0.0,0.0,1.0
ABBFA_000532,ABBFA_000650,0.1483379907499833,0.1483379907499833,0.0,0.0,0.0,1.0
ABBFA_000545,ABBFA_000646,0.11589441748068918,0.11589441748068918,0.0,0.0,0.0,1.0
ABBFA_000554,acsA,0.1621673212140584,0.1621673212140584,0.0,0.0,0.0,1.0
ABBFA_000573,ABBFA_000577,0.45590088580277915,0.45590088580277915,0.0,0.0,0.0,1.0
ABBFA_000573,ABBFA_000690,0.15949240207698104,0.15949240207698104,0.0,0.0,0.0,1.0
ABBFA_000573,lolA,0.3004678948635477,0.3004678948635477,0.0,0.0,0.0,1.0
ABBFA_000573,phoB,0.11609415493796532,0.11609415493796532,0.0,0.0,0.0,1.0
ABBFA_000574,ABBFA_000616,0.10063508388014511,0.10063508388014511,0.0,0.0,7.98950697056e-312,1.0
ABBFA_000574,ABBFA_000695,0.10298253621393028,0.10298253621393028,0.0,0.0,0.0,1.0
ABBFA_000575,ABBFA_000576,0.133046962704549,0.133046962704549,0.0,0.0,0.0,1.0
ABBFA_000575,ABBFA_000619,0.10617513618753371,0.10617513618753371,0.0,0.0,0.0,1.0
ABBFA_000577,ABBFA_000622,0.13283163036585569,0.13283163036585569,0.0,0.0,0.0,1.0
ABBFA_000578,ABBFA_000579,0.13693940890153522,0.13693940890153522,0.0,0.0,0.0,1.0
ABBFA_000579,ABBFA_000590,0.10933502015144239,0.10933502015144239,0.0,0.0,0.0,1.0
ABBFA_000579,ABBFA_000594,0.19549166612952928,0.19549166612952928,0.0,0.0,0.0,1.0
ABBFA_000579,ABBFA_000597,0.10828632560499428,0.10828632560499428,0.0,0.0,0.0,1.0
ABBFA_000594,ABBFA_000597,0.10466624537023717,0.10466624537023717,0.0,0.0,0.0,1.0
ABBFA_000608,ABBFA_000775,0.10096887247888521,0.10096887247888521,0.0,0.0,7.2885390533e-314,1.0
ABBFA_000612,ABBFA_000614,0.15853529101926686,0.15853529101926686,0.0,0.0,0.0,1.0
ABBFA_000615,ABBFA_000616,0.31384020126803935,0.31384020126803935,0.0,0.0,0.0,1.0
ABBFA_000615,ABBFA_000638,0.15360478627693405,0.15360478627693405,0.0,0.0,0.0,1.0
ABBFA_000615,ABBFA_000666,0.10271251574696127,0.10271251574696127,0.0,0.0,0.0,1.0
ABBFA_000617,hutH,0.10726475542060601,0.10726475542060601,0.0,0.0,0.0,1.0
ABBFA_000618,ABBFA_000658,0.11225611667040199,0.11225611667040199,0.0,0.0,0.0,1.0
ABBFA_000622,ABBFA_000623,0.38471760768322194,0.38471760768322194,0.0,0.0,0.0,1.0
ABBFA_000622,ABBFA_000661,0.11141859860687013,0.11141859860687013,0.0,0.0,0.0,1.0
ABBFA_000639,ABBFA_000694,0.11278120552001972,0.11278120552001972,0.0,0.0,0.0,1.0
ABBFA_000647,ABBFA_000648,0.22949510421298455,0.22949510421298455,0.0,0.0,0.0,1.0
ABBFA_000647,ABBFA_000649,0.11810865281704153,0.11810865281704153,0.0,0.0,0.0,1.0
ABBFA_000648,ABBFA_000650,0.1175169273847802,0.1175169273847802,0.0,0.0,0.0,1.0
ABBFA_000649,ABBFA_000650,0.2309916680365646,0.2309916680365646,0.0,0.0,0.0,1.0
ABBFA_000650,ABBFA_000651,0.1879637974955322,0.1879637974955322,0.0,0.0,0.0,1.0
ABBFA_000650,rpmJ,0.11666208571863072,0.11666208571863072,0.0,0.0,0.0,1.0
ABBFA_000651,ABBFA_000652,0.10616791574878431,0.10616791574878431,0.0,0.0,0.0,1.0
ABBFA_000658,ABBFA_000705,0.10857553026796676,0.10857553026796676,0.0,0.0,0.0,1.0
ABBFA_000658,ABBFA_000744,0.12732121136210625,0.12732121136210625,0.0,0.0,0.0,1.0
ABBFA_000660,ABBFA_000661,0.2991725018822323,0.2991725018822323,0.0,0.0,0.0,1.0
ABBFA_000660,dapE,0.11641280323117802,0.11641280323117802,0.0,0.0,0.0,1.0
ABBFA_000661,ABBFA_000752,0.13004666842554372,0.13004666842554372,0.0,0.0,0.0,1.0
ABBFA_000661,dapE,0.11690401169054496,0.11690401169054496,0.0,0.0,0.0,1.0
ABBFA_000666,ABBFA_000713,0.23106165868102965,0.23106165868102965,0.0,0.0,0.0,1.0
ABBFA_000672,ABBFA_000673,0.145655686099955,0.145655686099955,0.0,0.0,0.0,1.0
ABBFA_000673,ABBFA_000694,0.15006283139929766,0.15006283139929766,0.0,0.0,0.0,1.0
ABBFA_000673,rpmJ,0.1266480815438421,0.1266480815438421,0.0,0.0,0.0,1.0
ABBFA_000673,rpsP,0.1796581505713605,0.1796581505713605,0.0,0.0,0.0,1.0
ABBFA_000690,ABBFA_000720,-0.10990877057739828,-0.10990877057739828,0.0,0.0,0.0,1.0
ABBFA_000694,ABBFA_000705,0.10286585301154393,0.10286585301154393,0.0,0.0,0.0,1.0
ABBFA_000694,ABBFA_000716,0.10111432535849546,0.10111432535849546,0.0,0.0,9.36849255e-315,1.0
ABBFA_000694,rpmJ,0.2152367860260199,0.2152367860260199,0.0,0.0,0.0,1.0
ABBFA_000705,hutU,-0.10745799865288741,-0.10745799865288741,0.0,0.0,0.0,1.0
ABBFA_000709,rpmJ,0.13092790084525352,0.13092790084525352,0.0,0.0,0.0,1.0
ABBFA_000711,ABBFA_000712,0.11526407039128538,0.11526407039128538,0.0,0.0,0.0,1.0
ABBFA_000713,ABBFA_000755,0.1289388605970366,0.1289388605970366,0.0,0.0,0.0,1.0
ABBFA_000713,ABBFA_003538,0.15049344331857806,0.15049344331857806,0.0,0.0,0.0,1.0
ABBFA_000713,ABBFA_003540,0.2205950963689229,0.2205950963689229,0.0,0.0,0.0,1.0
ABBFA_000717,ABBFA_000718,0.4758679139826923,0.4758679139826923,0.0,0.0,0.0,1.0
ABBFA_000720,uraH,0.13482892407925634,0.13482892407925634,0.0,0.0,0.0,1.0
ABBFA_000731,ABBFA_000732,0.2378068493759095,0.2378068493759095,0.0,0.0,0.0,1.0
ABBFA_000731,ABBFA_000733,0.1255663443315777,0.1255663443315777,0.0,0.0,0.0,1.0
ABBFA_000732,ABBFA_000733,0.2421461670806295,0.2421461670806295,0.0,0.0,0.0,1.0
ABBFA_000733,ABBFA_000734,0.10282248930403041,0.10282248930403041,0.0,0.0,0.0,1.0
ABBFA_000747,ABBFA_000748,0.11767943774096892,0.11767943774096892,0.0,0.0,0.0,1.0
ABBFA_000748,bfr,0.1087791482442028,0.1087791482442028,0.0,0.0,0.0,1.0
ABBFA_000750,ABBFA_000751,0.11967427999247096,0.11967427999247096,0.0,0.0,0.0,1.0
ABBFA_000750,dnaJ,0.12675000829557434,0.12675000829557434,0.0,0.0,0.0,1.0
ABBFA_000766,ABBFA_000767,0.14556952304977586,0.14556952304977586,0.0,0.0,0.0,1.0
ABBFA_000776,hppD,0.1468105139131832,0.1468105139131832,0.0,0.0,0.0,1.0
ABBFA_000785,rpmC,0.1041695532938343,0.1041695532938343,0.0,0.0,0.0,1.0
ABBFA_003538,ABBFA_003540,0.41638400900703765,0.41638400900703765,0.0,0.0,0.0,1.0
ABBFA_003538,ABBFA_003544,0.24374184659069315,0.24374184659069315,0.0,0.0,0.0,1.0
accD,trpA,0.10585625232851152,0.10585625232851152,0.0,0.0,0.0,1.0
aceE,aceF,0.20719549745545543,0.20719549745545543,0.0,0.0,0.0,1.0
astA,astB,0.10595027568621289,0.10595027568621289,0.0,0.0,0.0,1.0
astA,astD,0.12451261350796795,0.12451261350796795,0.0,0.0,0.0,1.0
astB,astD,0.16295552572063876,0.16295552572063876,0.0,0.0,0.0,1.0
astB,astE,0.22845745808400242,0.22845745808400242,0.0,0.0,0.0,1.0
astD,astE,0.14795978876325536,0.14795978876325536,0.0,0.0,0.0,1.0
fahA,maiA,0.4488356980644513,0.4488356980644513,0.0,0.0,0.0,1.0
hppD,maiA,0.3602677521590763,0.3602677521590763,0.0,0.0,0.0,1.0
hutG,hutI,0.4520917005634879,0.4520917005634879,0.0,0.0,0.0,1.0
hutH,hutU,0.4395849408664017,0.4395849408664017,0.0,0.0,0.0,1.0
lpdA,sucB,0.14737760896648655,0.14737760896648655,0.0,0.0,0.0,1.0
parE,uvrA,0.10084253991894876,0.10084253991894876,0.0,0.0,4.3199444647e-313,1.0
phoB,phoR,0.22940753178307363,0.22940753178307363,0.0,0.0,0.0,1.0
rimM,trmD,0.1373272609239209,0.1373272609239209,0.0,0.0,0.0,1.0
rplB,rpsC,0.1267527507606271,0.1267527507606271,0.0,0.0,0.0,1.0
rplM,rplS,0.10687475173546206,0.10687475173546206,0.0,0.0,0.0,1.0
rplM,rpsJ,0.13210055111514457,0.13210055111514457,0.0,0.0,0.0,1.0
rplM,rpsP,0.12614579667089879,0.12614579667089879,0.0,0.0,0.0,1.0
rplU,rpmA,0.13404547412637516,0.13404547412637516,0.0,0.0,0.0,1.0
rplV,rpsC,0.443280986399152,0.443280986399152,0.0,0.0,0.0,1.0
rplV,rpsE,0.23880192681722123,0.23880192681722123,0.0,0.0,0.0,1.0
rpmC,rpmD,0.1054240835482852,0.1054240835482852,0.0,0.0,0.0,1.0
rpmJ,rpsP,0.13399304086354824,0.13399304086354824,0.0,0.0,0.0,1.0
rpsJ,rpsP,0.13595540856195423,0.13595540856195423,0.0,0.0,0.0,1.0
sdhC,sdhD,0.12135684985662222,0.12135684985662222,0.0,0.0,0.0,1.0
